0,https://farm66.staticflickr.com/65535/52559207266_0f9c40aa77_b.jpg
1,https://farm66.staticflickr.com/65535/52559195986_82a8c93049_b.jpg
2,https://farm66.staticflickr.com/65535/52559660720_fd8f2d8102_b.jpg
3,https://farm66.staticflickr.com/65535/52559734628_069b016ae5_b.jpg
4,https://farm66.staticflickr.com/65535/52558726132_e46ba75595_b.jpg
5,https://farm66.staticflickr.com/65535/52559467364_82ce502c1b_b.jpg
6,https://farm66.staticflickr.com/65535/52559167246_cd469af1cc_b.jpg
7,https://farm66.staticflickr.com/65535/52559461194_9be2521c2d_b.jpg
8,https://farm66.staticflickr.com/65535/52559691748_8e1d952835_b.jpg
9,https://farm66.staticflickr.com/65535/52559617660_425a381ee2_b.jpg
10,https://farm66.staticflickr.com/65535/52559142971_0db1624b46_b.jpg
11,https://farm66.staticflickr.com/65535/52559611340_72f1d70ddf_b.jpg
12,https://farm66.staticflickr.com/65535/52559688313_bab04d44f3_b.jpg
13,https://farm66.staticflickr.com/65535/52559610710_c9551b86be_b.jpg
14,https://farm66.staticflickr.com/65535/52558690447_dae43bc526_b.jpg
15,https://farm66.staticflickr.com/65535/52559686348_49e9b92390_b.jpg
16,https://farm66.staticflickr.com/65535/52559603540_79b8ff977f_b.jpg
17,https://farm66.staticflickr.com/65535/52558682387_7efaf46449_b.jpg
18,https://farm66.staticflickr.com/65535/52559675908_a08c6bb922_b.jpg
19,https://farm66.staticflickr.com/65535/52559592025_ee4bdfd3e7_b.jpg
20,https://farm66.staticflickr.com/65535/52558663852_e189073e15_b.jpg
21,https://farm66.staticflickr.com/65535/52559656998_e4766719eb_b.jpg
22,https://farm66.staticflickr.com/65535/52559650843_ecb793a3af_b.jpg
23,https://farm66.staticflickr.com/65535/52559568325_40aee9ef3c_b.jpg
24,https://farm66.staticflickr.com/65535/52559390444_9f100dc077_b.jpg
25,https://farm66.staticflickr.com/65535/52559092546_f45a382842_b.jpg
26,https://farm66.staticflickr.com/65535/52559560125_b3d44dc085_b.jpg
27,https://farm66.staticflickr.com/65535/52559649828_d8798d0684_b.jpg
28,https://farm66.staticflickr.com/65535/52559393144_a8251a9955_b.jpg
29,https://farm66.staticflickr.com/65535/52559094676_3300eba98a_b.jpg
30,https://farm66.staticflickr.com/65535/52559643073_f145a5fc42_b.jpg
31,https://farm66.staticflickr.com/65535/52559390484_61a15bb24e_b.jpg
32,https://farm66.staticflickr.com/65535/52558644377_a66aef93de_b.jpg
33,https://farm66.staticflickr.com/65535/52559092456_1e5aba00ac_b.jpg
34,https://farm66.staticflickr.com/65535/52559080216_25df6d0ea8_b.jpg
35,https://farm66.staticflickr.com/65535/52559537700_d6ac96fa04_b.jpg
36,https://farm66.staticflickr.com/65535/52559537180_c342b94797_b.jpg
37,https://farm66.staticflickr.com/65535/52559613823_bb0e425a73_b.jpg
38,https://farm66.staticflickr.com/65535/52558614737_7a69b94c92_b.jpg
39,https://farm66.staticflickr.com/65535/52559064431_f387bd6da5_b.jpg
40,https://farm66.staticflickr.com/65535/52558604727_09bd1874d5_b.jpg
41,https://farm66.staticflickr.com/65535/52558596272_088f818729_b.jpg
42,https://farm66.staticflickr.com/65535/52559492170_71800ae05b_b.jpg
43,https://farm66.staticflickr.com/65535/52559563973_f68732f478_b.jpg
44,https://farm66.staticflickr.com/65535/52559310204_c22fbd2e4d_b.jpg
45,https://farm66.staticflickr.com/65535/52559484295_5b9c3c42d5_b.jpg
46,https://farm66.staticflickr.com/65535/52559483930_010670f017_b.jpg
47,https://farm66.staticflickr.com/65535/52558560912_ca5e20ac6d_b.jpg
48,https://farm66.staticflickr.com/65535/52558978876_a9b9db84f7_b.jpg
49,https://farm66.staticflickr.com/65535/52558994226_f65461c46a_b.jpg
50,https://farm66.staticflickr.com/65535/52558538222_532ebfb7d3_b.jpg
51,https://farm66.staticflickr.com/65535/52559536473_f0a9315177_b.jpg
52,https://farm66.staticflickr.com/65535/52558987036_4b757ebeef_b.jpg
53,https://farm66.staticflickr.com/65535/52558958061_363249bfa3_b.jpg
54,https://farm66.staticflickr.com/65535/52558504842_8d9e9b8987_b.jpg
55,https://farm66.staticflickr.com/65535/52559422585_6e402a9054_b.jpg
56,https://farm66.staticflickr.com/65535/52559484473_140706dac8_b.jpg
57,https://farm66.staticflickr.com/65535/52559389870_2149a2fb63_b.jpg
58,https://farm66.staticflickr.com/65535/52559214699_d3b7f41768_b.jpg
59,https://farm66.staticflickr.com/65535/52558910381_f53d0d7d7d_b.jpg
60,https://farm66.staticflickr.com/65535/52559450698_0df101c360_b.jpg
61,https://farm66.staticflickr.com/65535/52559195229_4ddfcc5086_b.jpg
62,https://farm66.staticflickr.com/65535/52558518517_b39fa944bf_b.jpg
63,https://farm66.staticflickr.com/65535/52559440768_a582f89732_b.jpg
64,https://farm66.staticflickr.com/65535/52558428947_2dce7e6e4e_b.jpg
65,https://farm66.staticflickr.com/65535/52558867801_00fbde0098_b.jpg
66,https://farm66.staticflickr.com/65535/52559415683_cc87c99f12_b.jpg
67,https://farm66.staticflickr.com/65535/52559163259_7c0f62bc6c_b.jpg
68,https://farm66.staticflickr.com/65535/52558415002_2680f7cf24_b.jpg
69,https://farm66.staticflickr.com/65535/52558405642_0e00fbec78_b.jpg
70,https://farm66.staticflickr.com/65535/52558855741_c8904136ef_b.jpg
71,https://farm66.staticflickr.com/65535/52559403463_5f2e48ced5_b.jpg
72,https://farm66.staticflickr.com/65535/52559326540_6539ff34df_b.jpg
73,https://farm66.staticflickr.com/65535/52559402488_aff053e9fa_b.jpg
74,https://farm66.staticflickr.com/65535/52559149504_9766d034ee_b.jpg
75,https://farm66.staticflickr.com/65535/52558393142_bf3136e9e2_b.jpg
76,https://farm66.staticflickr.com/65535/52559381633_8054aeba76_b.jpg
77,https://farm66.staticflickr.com/65535/52558833751_cf9ddb5e5a_b.jpg
78,https://farm66.staticflickr.com/65535/52558371472_61c7edb29a_b.jpg
79,https://farm66.staticflickr.com/65535/52559294450_5dd94cb925_b.jpg
80,https://farm66.staticflickr.com/65535/52558816926_f97e5ecd63_b.jpg
81,https://farm66.staticflickr.com/65535/52559348183_83f37e3cfe_b.jpg
82,https://farm66.staticflickr.com/65535/52559330253_81a3b479f9_b.jpg
83,https://farm66.staticflickr.com/65535/52559234940_8d5db4a5e9_b.jpg
84,https://farm66.staticflickr.com/65535/52559065114_d84299bee1_b.jpg
85,https://farm66.staticflickr.com/65535/52558313417_1c7bc8f150_b.jpg
86,https://farm66.staticflickr.com/65535/52559046834_22da9a54c6_b.jpg
87,https://farm66.staticflickr.com/65535/52559297858_0463b21b66_b.jpg
88,https://farm66.staticflickr.com/65535/52559297328_e3b4fafd6f_b.jpg
89,https://farm3.staticflickr.com/2876/9027111855_abcc9484ff_b.jpg
90,https://farm66.staticflickr.com/65535/52559044214_ddabf9140c_b.jpg
91,https://farm66.staticflickr.com/65535/52559216405_d896430663_b.jpg
92,https://farm66.staticflickr.com/65535/52559215955_a32e7ef2d8_b.jpg
93,https://farm66.staticflickr.com/65535/52559032689_c91c192ced_b.jpg
94,https://farm66.staticflickr.com/65535/52558274117_8f9fcd3dd2_b.jpg
95,https://farm66.staticflickr.com/65535/52559198135_90549c86a5_b.jpg
96,https://farm66.staticflickr.com/65535/52558732046_3ee0d13aaa_b.jpg
97,https://farm66.staticflickr.com/65535/52558279962_b6678625b4_b.jpg
98,https://farm66.staticflickr.com/65535/52558732061_808ff4f970_b.jpg
99,https://farm66.staticflickr.com/65535/52559027804_5a58a79a2f_b.jpg
100,https://farm66.staticflickr.com/65535/52559200950_351ae337cc_b.jpg
101,https://farm66.staticflickr.com/65535/52558275182_d374f1901a_b.jpg
102,https://farm66.staticflickr.com/65535/52558725621_4a9f3d92a0_b.jpg
103,https://farm66.staticflickr.com/65535/52558270797_22cc41a80b_b.jpg
104,https://farm66.staticflickr.com/65535/52559019369_3bd6631bc4_b.jpg
105,https://farm66.staticflickr.com/65535/52558723046_d20b4a98d9_b.jpg
106,https://farm66.staticflickr.com/65535/52559195185_ac815f6d52_b.jpg
107,https://farm66.staticflickr.com/65535/52559195210_9fe85dc540_b.jpg
108,https://farm66.staticflickr.com/65535/52559195180_27147153e1_b.jpg
109,https://farm66.staticflickr.com/65535/52559019334_dfbceaa935_b.jpg
110,https://farm66.staticflickr.com/65535/52559270583_617850d4ed_b.jpg
111,https://farm66.staticflickr.com/65535/52559019299_047eb85855_b.jpg
112,https://farm66.staticflickr.com/65535/52558722971_f7e6fb2062_b.jpg
113,https://farm66.staticflickr.com/65535/52558722986_c216715d13_b.jpg
114,https://farm66.staticflickr.com/65535/52559269978_9c22baaec9_b.jpg
115,https://farm66.staticflickr.com/65535/52559018689_cb34161cea_b.jpg
116,https://farm66.staticflickr.com/65535/52558722326_5d5695bcfd_b.jpg
117,https://farm66.staticflickr.com/65535/52559269973_fb17ec9447_b.jpg
118,https://farm66.staticflickr.com/65535/52558270192_abedbe98b9_b.jpg
119,https://farm66.staticflickr.com/65535/52559018679_abf0b986ae_b.jpg
120,https://farm66.staticflickr.com/65535/52559194500_78ca519e5f_b.jpg
121,https://farm66.staticflickr.com/65535/52559018634_b28d4e338d_b.jpg
122,https://farm66.staticflickr.com/65535/52558722296_e013ec043c_b.jpg
123,https://farm66.staticflickr.com/65535/52559018659_2c1552721f_b.jpg
124,https://farm66.staticflickr.com/65535/52559194475_cd7a922c3c_b.jpg
125,https://farm66.staticflickr.com/65535/52559269933_de4490afc8_b.jpg
126,https://farm66.staticflickr.com/65535/52559018614_a0255d69cd_b.jpg
127,https://farm66.staticflickr.com/65535/52559269913_6bcb17ecc4_b.jpg
128,https://farm66.staticflickr.com/65535/52559194440_9db3d6cfd9_b.jpg
129,https://farm66.staticflickr.com/65535/52559266593_c59762b8d4_b.jpg
130,https://farm66.staticflickr.com/65535/52558258737_54c997b4d3_b.jpg
131,https://farm66.staticflickr.com/65535/52559182955_313851dac2_b.jpg
132,https://farm66.staticflickr.com/65535/52558258692_1499abd3cf_b.jpg
133,https://farm66.staticflickr.com/65535/52559007224_6167d3ed1e_b.jpg
134,https://farm66.staticflickr.com/65535/52559007184_fe3489111c_b.jpg
135,https://farm66.staticflickr.com/65535/52559258518_13df7c53e8_b.jpg
136,https://farm66.staticflickr.com/65535/52558711051_cbf96b5d43_b.jpg
137,https://farm66.staticflickr.com/65535/52559259128_edf7f8ecdb_b.jpg
138,https://farm66.staticflickr.com/65535/52559183395_c37346f2e4_b.jpg
139,https://farm66.staticflickr.com/65535/52559007704_b70c9a437d_b.jpg
140,https://farm66.staticflickr.com/65535/52559183385_24121827f7_b.jpg
141,https://farm66.staticflickr.com/65535/52559258988_a8885db2a3_b.jpg
142,https://farm66.staticflickr.com/65535/52558711551_fd5b69cef4_b.jpg
143,https://farm66.staticflickr.com/65535/52558711531_39d13a6eae_b.jpg
144,https://farm66.staticflickr.com/65535/52558259047_4b14422385_b.jpg
145,https://farm66.staticflickr.com/65535/52558711481_2fc007c484_b.jpg
146,https://farm66.staticflickr.com/65535/52558711441_710a77bf3e_b.jpg
147,https://farm66.staticflickr.com/65535/52558711406_5f093d988c_b.jpg
148,https://farm66.staticflickr.com/65535/52559258843_ca1e20e0b5_b.jpg
149,https://farm66.staticflickr.com/65535/52559007429_c2f1f20f54_b.jpg
150,https://farm66.staticflickr.com/65535/52559007409_5d753f62c6_b.jpg
151,https://farm66.staticflickr.com/65535/52558258887_5c18c40182_b.jpg
152,https://farm66.staticflickr.com/65535/52559258783_d514439ff2_b.jpg
153,https://farm66.staticflickr.com/65535/52558258812_d7207c14dd_b.jpg
154,https://farm66.staticflickr.com/65535/52559183030_35c038b45d_b.jpg
155,https://farm66.staticflickr.com/65535/52559183025_202f23e0fc_b.jpg
156,https://farm66.staticflickr.com/65535/52559258458_0d77c59f4e_b.jpg
157,https://farm66.staticflickr.com/65535/52559007124_79971b213d_b.jpg
158,https://farm66.staticflickr.com/65535/52559180335_8fa2b1a4ba_b.jpg
159,https://farm66.staticflickr.com/65535/52558706496_d2d06d44b9_b.jpg
160,https://farm66.staticflickr.com/65535/52559177145_0c3153c4cd_b.jpg
161,https://farm66.staticflickr.com/65535/52558705161_ebd7712834_b.jpg
162,https://farm66.staticflickr.com/65535/52559221873_1b85001afc_b.jpg
163,https://farm66.staticflickr.com/65535/52558222587_fc66d517a8_b.jpg
164,https://farm66.staticflickr.com/65535/52559221848_d81bd2e2ec_b.jpg
165,https://farm66.staticflickr.com/65535/52559147410_f511d3e250_b.jpg
166,https://farm66.staticflickr.com/65535/52558222562_3cb9c8a15f_b.jpg
167,https://farm66.staticflickr.com/65535/52558675241_6b22b89c20_b.jpg
168,https://farm66.staticflickr.com/65535/52558971054_7e1c44c04e_b.jpg
169,https://farm66.staticflickr.com/65535/52559147305_5abf745b82_b.jpg
170,https://farm66.staticflickr.com/65535/52559221673_77e5d50a94_b.jpg
171,https://farm66.staticflickr.com/65535/52559147265_0cfe7153e2_b.jpg
172,https://farm66.staticflickr.com/65535/52558247742_d4d3535956_b.jpg
173,https://farm66.staticflickr.com/65535/52558244307_16b90a395e_b.jpg
174,https://farm66.staticflickr.com/65535/52558238222_7fceb6b6d7_b.jpg
175,https://farm66.staticflickr.com/65535/52558977159_0873577c40_b.jpg
176,https://farm66.staticflickr.com/65535/52558680261_03fd52ebdf_b.jpg
177,https://farm66.staticflickr.com/65535/52558194787_bfb619fb0b_b.jpg
178,https://farm66.staticflickr.com/65535/52558941559_2edd05f5e1_b.jpg
179,https://farm66.staticflickr.com/65535/52559152810_2758bf1ef5_b.jpg
180,https://farm66.staticflickr.com/65535/52559223033_aaefb887c8_b.jpg
181,https://farm66.staticflickr.com/65535/52559133640_6948ce6078_b.jpg
182,https://farm66.staticflickr.com/65535/52558660051_1b1d38835e_b.jpg
183,https://farm66.staticflickr.com/65535/52559198688_40c5901bd5_b.jpg
184,https://farm66.staticflickr.com/65535/52558944944_9637618231_b.jpg
185,https://farm66.staticflickr.com/65535/52558933184_6cdc04636e_b.jpg
186,https://farm66.staticflickr.com/65535/52558173127_6a6af3119e_b.jpg
187,https://farm66.staticflickr.com/65535/52559166353_87d54e7622_b.jpg
188,https://farm66.staticflickr.com/65535/52559158223_fb19f7f3f4_b.jpg
189,https://farm66.staticflickr.com/65535/52558908079_8baed866f2_b.jpg
190,https://farm66.staticflickr.com/65535/52558159012_3138cd8e72_b.jpg
191,https://farm66.staticflickr.com/65535/52558158952_a2864899f4_b.jpg
192,https://farm66.staticflickr.com/65535/52559121833_60e2ac8b6e_b.jpg
193,https://farm66.staticflickr.com/65535/52558123777_f9be0428f1_b.jpg
194,https://farm66.staticflickr.com/65535/52559113188_42ea7d921a_b.jpg
195,https://farm66.staticflickr.com/65535/52558556326_8c04b69f3d_b.jpg
196,https://farm66.staticflickr.com/65535/52558853654_b697d4c6ed_b.jpg
197,https://farm66.staticflickr.com/65535/52558551406_9ec3afd4a5_b.jpg
198,https://farm66.staticflickr.com/65535/52559020775_0e45f27d30_b.jpg
199,https://farm66.staticflickr.com/65535/52559077823_d123f1aa1e_b.jpg
200,https://farm66.staticflickr.com/65535/52558055382_b848397ee8_b.jpg
201,https://farm66.staticflickr.com/65535/52558508171_a4b496effa_b.jpg
202,https://farm66.staticflickr.com/65535/52558039197_7b16edd82d_b.jpg
203,https://farm66.staticflickr.com/65535/52558031352_fb59f16b03_b.jpg
204,https://farm66.staticflickr.com/65535/52558020512_c8d91d7b5e_b.jpg
205,https://farm66.staticflickr.com/65535/52558020482_25bc0c9866_b.jpg
206,https://farm66.staticflickr.com/65535/52558473961_27509cbb52_b.jpg
207,https://farm66.staticflickr.com/65535/52558764644_a2ab2aea4c_b.jpg
208,https://farm66.staticflickr.com/65535/52558455511_5e05da6df9_b.jpg
209,https://farm66.staticflickr.com/65535/52558750969_da7ed7f7e5_b.jpg
210,https://farm66.staticflickr.com/65535/52558438166_86fa23e622_b.jpg
211,https://farm66.staticflickr.com/65535/52557980842_7f63c49b40_b.jpg
212,https://farm66.staticflickr.com/65535/52558751019_b595179624_b.jpg
213,https://farm66.staticflickr.com/65535/52558992438_e87574635c_b.jpg
214,https://farm66.staticflickr.com/65535/52558742474_a003440cb3_b.jpg
215,https://farm66.staticflickr.com/65535/52558991068_557b03d86f_b.jpg
216,https://farm66.staticflickr.com/65535/52558446351_5495525230_b.jpg
217,https://farm66.staticflickr.com/65535/52558740394_8d26587308_b.jpg
218,https://farm66.staticflickr.com/65535/52558740164_eb45b78518_b.jpg
219,https://farm66.staticflickr.com/65535/52558739024_b5e6e9a475_b.jpg
220,https://farm66.staticflickr.com/65535/52558443361_1472be60f1_b.jpg
221,https://farm66.staticflickr.com/65535/52558915455_b6a4d86188_b.jpg
222,https://farm66.staticflickr.com/65535/52558987053_94dbaf860e_b.jpg
223,https://farm66.staticflickr.com/65535/52558733254_f72ac46b2e_b.jpg
224,https://farm66.staticflickr.com/65535/52558888895_a46946f930_b.jpg
225,https://farm66.staticflickr.com/65535/52558711024_78d4437e0e_b.jpg
226,https://farm66.staticflickr.com/65535/52557981737_a20d070147_b.jpg
227,https://farm66.staticflickr.com/65535/52557981107_1ee03de4c0_b.jpg
228,https://farm66.staticflickr.com/65535/52558906130_6ba2300e4a_b.jpg
229,https://farm66.staticflickr.com/65535/52558977198_acb74c0718_b.jpg
230,https://farm66.staticflickr.com/65535/52558976658_552c7771fd_b.jpg
231,https://farm66.staticflickr.com/65535/52558899105_21c853a576_b.jpg
232,https://farm66.staticflickr.com/65535/52557964782_fd0becd8d1_b.jpg
233,https://farm66.staticflickr.com/65535/52557972062_8fd47403ef_b.jpg
234,https://farm66.staticflickr.com/65535/52558890535_840df6b285_b.jpg
235,https://farm66.staticflickr.com/65535/52558960258_0ccf082353_b.jpg
236,https://farm66.staticflickr.com/65535/52558710364_09829712a2_b.jpg
237,https://farm66.staticflickr.com/65535/52558941683_941ea6fa86_b.jpg
238,https://farm66.staticflickr.com/65535/52558868720_a18a2fc60d_b.jpg
239,https://farm66.staticflickr.com/65535/52558690729_afdf8596f2_b.jpg
240,https://farm66.staticflickr.com/65535/52557939187_18bb0869f3_b.jpg
241,https://farm66.staticflickr.com/65535/52558687499_49ff15a5f0_b.jpg
242,https://farm66.staticflickr.com/65535/52558863075_c6d8bdff23_b.jpg
243,https://farm66.staticflickr.com/65535/52557935157_925023d999_b.jpg
244,https://farm66.staticflickr.com/65535/52558314551_49f99aacae_b.jpg
245,https://farm66.staticflickr.com/65535/52558380346_7594a2bafc_b.jpg
246,https://farm66.staticflickr.com/65535/52558661924_f86b155409_b.jpg
247,https://farm66.staticflickr.com/65535/52558653224_6a9a063595_b.jpg
248,https://farm66.staticflickr.com/65535/52558647819_41cfe8f0ef_b.jpg
249,https://farm66.staticflickr.com/65535/52558890178_89883e01d0_b.jpg
250,https://farm66.staticflickr.com/65535/52558779155_6797688223_b.jpg
251,https://farm66.staticflickr.com/65535/52558621389_20a6ff53ab_b.jpg
252,https://farm66.staticflickr.com/65535/52558325581_2ed3313700_b.jpg
253,https://farm66.staticflickr.com/65535/52558323161_ea53aa914f_b.jpg
254,https://farm66.staticflickr.com/65535/52557847637_57f0009523_b.jpg
255,https://farm66.staticflickr.com/65535/52557845892_bd6dcee949_b.jpg
256,https://farm66.staticflickr.com/65535/52557845587_b0e0daf9f7_b.jpg
257,https://farm66.staticflickr.com/65535/52557845062_068fc8781a_b.jpg
258,https://farm66.staticflickr.com/65535/52558842258_4c585dbc34_b.jpg
259,https://farm66.staticflickr.com/65535/52558298801_3dc30cb687_b.jpg
260,https://farm66.staticflickr.com/65535/52558590954_8dbf59ff53_b.jpg
261,https://farm66.staticflickr.com/65535/52558293566_2cf443e353_b.jpg
262,https://farm66.staticflickr.com/65535/52557836297_13d28d2eea_b.jpg
263,https://farm66.staticflickr.com/65535/52558761345_860941edfd_b.jpg
264,https://farm66.staticflickr.com/65535/52558582589_d5507c1a69_b.jpg
265,https://farm66.staticflickr.com/65535/52558749135_51d6451316_b.jpg
266,https://farm66.staticflickr.com/65535/52558816633_fed5a3c6ef_b.jpg
267,https://farm66.staticflickr.com/65535/52557818267_106feaa19a_b.jpg
268,https://farm66.staticflickr.com/65535/52558269971_43577a2940_b.jpg
269,https://farm66.staticflickr.com/65535/52558808183_ca25dcd6a7_b.jpg
270,https://farm66.staticflickr.com/65535/52558733795_2352f8f66e_b.jpg
271,https://farm66.staticflickr.com/65535/52558552319_41df1b4bc7_b.jpg
272,https://farm66.staticflickr.com/65535/52558548464_5b333b84ec_b.jpg
273,https://farm66.staticflickr.com/65535/52558722965_d6795052c7_b.jpg
274,https://farm66.staticflickr.com/65535/52557792772_634a99aff5_b.jpg
275,https://farm66.staticflickr.com/65535/52557787527_9347089d0c_b.jpg
276,https://farm66.staticflickr.com/65535/52558533494_9945e2e93e_b.jpg
277,https://farm66.staticflickr.com/65535/52557781912_3d6e5acaef_b.jpg
278,https://farm66.staticflickr.com/65535/52557779437_e57f22593e_b.jpg
279,https://farm66.staticflickr.com/65535/52558232141_a7bdddc11f_b.jpg
280,https://farm66.staticflickr.com/65535/52558770038_435a3c2e2c_b.jpg
281,https://farm66.staticflickr.com/65535/52558698075_295f56bf55_b.jpg
282,https://farm66.staticflickr.com/65535/52558224206_62b80f103c_b.jpg
283,https://farm66.staticflickr.com/65535/52558692450_73d38da723_b.jpg
284,https://farm66.staticflickr.com/65535/52558218296_20fbc0e965_b.jpg
285,https://farm66.staticflickr.com/65535/52557756732_4ed418775e_b.jpg
286,https://farm66.staticflickr.com/65535/52558749668_1c7120f195_b.jpg
287,https://farm66.staticflickr.com/65535/52558499924_36f0daba42_b.jpg
288,https://farm66.staticflickr.com/65535/52558497499_cdb022c541_b.jpg
289,https://farm66.staticflickr.com/65535/52558672345_ede4a7599b_b.jpg
290,https://farm66.staticflickr.com/65535/52558670060_b861d8c3cb_b.jpg
291,https://farm66.staticflickr.com/65535/52558665850_0e17612ccc_b.jpg
292,https://farm66.staticflickr.com/65535/52557737907_d6d6d1f9bd_b.jpg
293,https://farm66.staticflickr.com/65535/52558661395_04f664f1f0_b.jpg
294,https://farm66.staticflickr.com/65535/52558187946_d6fea5d5ab_b.jpg
295,https://farm66.staticflickr.com/65535/52558728148_a7c29b237a_b.jpg
296,https://farm66.staticflickr.com/65535/52557729757_c674b71ea1_b.jpg
297,https://farm66.staticflickr.com/65535/52557727747_6c75faf942_b.jpg
298,https://farm66.staticflickr.com/65535/52558473069_9b52c1e4ce_b.jpg
299,https://farm66.staticflickr.com/65535/52558177041_190859e9ef_b.jpg
300,https://farm66.staticflickr.com/65535/52558644715_53df2859e1_b.jpg
301,https://farm66.staticflickr.com/65535/52558642490_18cd4b3fcb_b.jpg
302,https://farm66.staticflickr.com/65535/52558640315_304a59f078_b.jpg
303,https://farm66.staticflickr.com/65535/52558637530_b24cdf62f6_b.jpg
304,https://farm66.staticflickr.com/65535/52557710792_e7ab830cf0_b.jpg
305,https://farm66.staticflickr.com/65535/52558457614_cc104cd87f_b.jpg
306,https://farm66.staticflickr.com/65535/52558455014_8fa38f3474_b.jpg
307,https://farm66.staticflickr.com/65535/52557705232_232e0560b2_b.jpg
308,https://farm66.staticflickr.com/65535/52557703847_1d0fc919ee_b.jpg
309,https://farm66.staticflickr.com/65535/52558698223_7b681b645c_b.jpg
310,https://farm66.staticflickr.com/65535/52558449104_ebbb09a9b2_b.jpg
311,https://farm66.staticflickr.com/65535/52558624755_a37fcfe6c5_b.jpg
312,https://farm66.staticflickr.com/65535/52558153086_3ba48f53fb_b.jpg
313,https://farm66.staticflickr.com/65535/52558692788_fc5d8ffc3c_b.jpg
314,https://farm66.staticflickr.com/65535/52558442354_515fa78609_b.jpg
315,https://farm66.staticflickr.com/65535/52558440489_38192b8e08_b.jpg
316,https://farm66.staticflickr.com/65535/52557689692_e08b9b05fe_b.jpg
317,https://farm66.staticflickr.com/65535/52558141511_a32c0ff572_b.jpg
318,https://farm66.staticflickr.com/65535/52557684312_dbb4cfbf14_b.jpg
319,https://farm66.staticflickr.com/65535/52557679362_4eef31a2d3_b.jpg
320,https://farm66.staticflickr.com/65535/52557677317_9b4d369d10_b.jpg
321,https://farm66.staticflickr.com/65535/52558671128_908cb1f01d_b.jpg
322,https://farm66.staticflickr.com/65535/52557673077_da93527e66_b.jpg
323,https://farm66.staticflickr.com/65535/52558418689_d699a238a3_b.jpg
324,https://farm66.staticflickr.com/65535/52558664343_e952a99669_b.jpg
325,https://farm66.staticflickr.com/65535/52558661778_4f13b7fde9_b.jpg
326,https://farm66.staticflickr.com/65535/52557664002_093ba4d582_b.jpg
327,https://farm66.staticflickr.com/65535/52558586755_40242cca00_b.jpg
328,https://farm66.staticflickr.com/65535/52558655923_edaafc6311_b.jpg
329,https://farm66.staticflickr.com/65535/52558111321_37a63cf75b_b.jpg
330,https://farm66.staticflickr.com/65535/52558578545_94c5af3464_b.jpg
331,https://farm66.staticflickr.com/65535/52558576960_c463fb7887_b.jpg
332,https://farm66.staticflickr.com/65535/52558399084_d626de4eaa_b.jpg
333,https://farm66.staticflickr.com/65535/52558104141_70571ef947_b.jpg
334,https://farm66.staticflickr.com/65535/52558571040_71ae13950b_b.jpg
335,https://farm66.staticflickr.com/65535/52558562510_b8a6b914b0_b.jpg
336,https://farm66.staticflickr.com/65535/52558559690_3f6da9a36c_b.jpg
337,https://farm66.staticflickr.com/65535/52558087891_23dceb2950_b.jpg
338,https://farm66.staticflickr.com/65535/52558554990_5d002defdd_b.jpg
339,https://farm66.staticflickr.com/65535/52558377254_23d58b3355_b.jpg
340,https://farm66.staticflickr.com/65535/52558081816_8c116b5d3f_b.jpg
341,https://farm66.staticflickr.com/65535/52558079856_242b8803bf_b.jpg
342,https://farm66.staticflickr.com/65535/52558618468_b42cdabcf7_b.jpg
343,https://farm66.staticflickr.com/65535/52558075711_171977a571_b.jpg
344,https://farm66.staticflickr.com/65535/52558073611_891d7a606f_b.jpg
345,https://farm66.staticflickr.com/65535/52558612953_f9d93d6db0_b.jpg
346,https://farm66.staticflickr.com/65535/52557614387_dc2c2bc336_b.jpg
347,https://farm66.staticflickr.com/65535/52558608633_4db4fbf636_b.jpg
348,https://farm66.staticflickr.com/65535/52558291431_8e0c8927f4_b.jpg
349,https://farm66.staticflickr.com/65535/52558286096_0d6ddc28a4_b.jpg
350,https://farm66.staticflickr.com/65535/52558754400_4f8af0dabf_b.jpg
351,https://farm66.staticflickr.com/65535/52558754330_e4e76a1d1d_b.jpg
352,https://farm66.staticflickr.com/65535/52556534518_2e24fce4c7_b.jpg
353,https://farm66.staticflickr.com/65535/52553253571_5557e6ce3c_b.jpg
354,https://farm66.staticflickr.com/65535/52558809923_81a9bc9b58_b.jpg
355,https://farm66.staticflickr.com/65535/52558792818_b00de938fa_b.jpg
356,https://farm66.staticflickr.com/65535/52558250206_6548a98823_b.jpg
357,https://farm66.staticflickr.com/65535/52557789872_d56e4b199c_b.jpg
358,https://farm66.staticflickr.com/65535/52557787232_6d12b86edf_b.jpg
359,https://farm66.staticflickr.com/65535/52557784277_f3e689952b_b.jpg
360,https://farm66.staticflickr.com/65535/52557781167_843181ac30_b.jpg
361,https://farm66.staticflickr.com/65535/52558776833_954519baf3_b.jpg
362,https://farm66.staticflickr.com/65535/52558689450_f907a048ac_b.jpg
363,https://farm66.staticflickr.com/65535/52558218536_628874f7e9_b.jpg
364,https://farm66.staticflickr.com/65535/52558218516_c6d8faef64_b.jpg
365,https://farm66.staticflickr.com/65535/52558218491_9705a7937d_b.jpg
366,https://farm66.staticflickr.com/65535/52558512234_ef7f845c6c_b.jpg
367,https://farm66.staticflickr.com/65535/52558689345_d449d5219f_b.jpg
368,https://farm66.staticflickr.com/65535/52557762807_2e54275490_b.jpg
369,https://farm66.staticflickr.com/65535/52558689270_17665895ca_b.jpg
370,https://farm66.staticflickr.com/65535/52557762752_c534c1314c_b.jpg
371,https://farm66.staticflickr.com/65535/52558218226_32ba2c5cd9_b.jpg
372,https://farm66.staticflickr.com/65535/52558512094_2b8f16285d_b.jpg
373,https://farm66.staticflickr.com/65535/52558758613_3cd62e84b2_b.jpg
374,https://farm66.staticflickr.com/65535/52558689180_28b8b9553b_b.jpg
375,https://farm66.staticflickr.com/65535/52558689115_20d52db44d_b.jpg
376,https://farm66.staticflickr.com/65535/52558758548_a0e4ed7ba5_b.jpg
377,https://farm66.staticflickr.com/65535/52558689070_48e3f139d2_b.jpg
378,https://farm66.staticflickr.com/65535/52558511954_4a9ff13881_b.jpg
379,https://farm66.staticflickr.com/65535/52558758468_470aa20cf0_b.jpg
380,https://farm66.staticflickr.com/65535/52558217931_7bc7f80cd5_b.jpg
381,https://farm66.staticflickr.com/65535/52558508114_7b118f8587_b.jpg
382,https://farm66.staticflickr.com/65535/52558754943_ef502ab533_b.jpg
383,https://farm66.staticflickr.com/65535/52558754903_3713317cd7_b.jpg
384,https://farm66.staticflickr.com/65535/52558508064_8f15b41881_b.jpg
385,https://farm66.staticflickr.com/65535/52558507964_1817095c37_b.jpg
386,https://farm66.staticflickr.com/65535/52557758822_22e51ecfb0_b.jpg
387,https://farm66.staticflickr.com/65535/52558507949_321d086b73_b.jpg
388,https://farm66.staticflickr.com/65535/52557758767_e01cf6754c_b.jpg
389,https://farm66.staticflickr.com/65535/52558754828_c9592810df_b.jpg
390,https://farm66.staticflickr.com/65535/52558214371_749b457eee_b.jpg
391,https://farm66.staticflickr.com/65535/52558685105_dc6181468c_b.jpg
392,https://farm66.staticflickr.com/65535/52558685095_02be35086b_b.jpg
393,https://farm66.staticflickr.com/65535/52558507814_2d17006e92_b.jpg
394,https://farm66.staticflickr.com/65535/52558507794_81a6e13587_b.jpg
395,https://farm66.staticflickr.com/65535/52558684965_87c1af170d_b.jpg
396,https://farm66.staticflickr.com/65535/52557758557_40403597c2_b.jpg
397,https://farm66.staticflickr.com/65535/52558214156_fb5b025c93_b.jpg
398,https://farm66.staticflickr.com/65535/52557758477_cc8b63c06e_b.jpg
399,https://farm66.staticflickr.com/65535/52558502439_17fba554f9_b.jpg
400,https://farm66.staticflickr.com/65535/52558749563_170b6cc992_b.jpg
401,https://farm66.staticflickr.com/65535/52558502399_6de44cf5bc_b.jpg
402,https://farm66.staticflickr.com/65535/52558502364_ba8f76f42a_b.jpg
403,https://farm66.staticflickr.com/65535/52558208766_e6ea57dd34_b.jpg
404,https://farm66.staticflickr.com/65535/52557753352_95726a601e_b.jpg
405,https://farm66.staticflickr.com/65535/52558749468_9f205467fa_b.jpg
406,https://farm66.staticflickr.com/65535/52558502319_0e9efdf937_b.jpg
407,https://farm66.staticflickr.com/65535/52558502294_707fa84095_b.jpg
408,https://farm66.staticflickr.com/65535/52558749418_8983ba8653_b.jpg
409,https://farm66.staticflickr.com/65535/52557753287_fb29f187d8_b.jpg
410,https://farm66.staticflickr.com/65535/52558496879_ebf85b7400_b.jpg
411,https://farm66.staticflickr.com/65535/52558496824_a837bccc62_b.jpg
412,https://farm66.staticflickr.com/65535/52558744208_1f80ac2a96_b.jpg
413,https://farm66.staticflickr.com/65535/52557748092_23688bfb37_b.jpg
414,https://farm66.staticflickr.com/65535/52558744158_514496f543_b.jpg
415,https://farm66.staticflickr.com/65535/52558203166_e3fa5d3654_b.jpg
416,https://farm66.staticflickr.com/65535/52558744118_4249cb1cf1_b.jpg
417,https://farm66.staticflickr.com/65535/52558670980_03d705607d_b.jpg
418,https://farm66.staticflickr.com/65535/52558488809_6620976bae_b.jpg
419,https://farm66.staticflickr.com/65535/52558488779_8b18d22f1b_b.jpg
420,https://farm66.staticflickr.com/65535/52558195516_831792907d_b.jpg
421,https://farm66.staticflickr.com/65535/52558666280_d592f2b83a_b.jpg
422,https://farm66.staticflickr.com/65535/52557740412_147906638b_b.jpg
423,https://farm66.staticflickr.com/65535/52558736368_cfd00aa1d6_b.jpg
424,https://farm66.staticflickr.com/65535/52558734118_4d812c3f82_b.jpg
425,https://farm66.staticflickr.com/65535/52558660635_fd5763a7e7_b.jpg
426,https://farm66.staticflickr.com/65535/52558184866_7837be2617_b.jpg
427,https://farm66.staticflickr.com/65535/52558184856_b60de01c8b_b.jpg
428,https://farm66.staticflickr.com/65535/52558472479_a9b008b9a9_b.jpg
429,https://farm66.staticflickr.com/65535/52557717407_fdf4c41ca7_b.jpg
430,https://farm66.staticflickr.com/65535/52558454019_5e9c38c656_b.jpg
431,https://farm66.staticflickr.com/65535/52558445804_05bb293fea_b.jpg
432,https://farm66.staticflickr.com/65535/52558144516_efc6bb338f_b.jpg
433,https://farm66.staticflickr.com/65535/52558613965_71fa3a8619_b.jpg
434,https://farm66.staticflickr.com/65535/52558434449_927012c9a2_b.jpg
435,https://farm66.staticflickr.com/65535/52558671328_fc350d0c07_b.jpg
436,https://farm66.staticflickr.com/65535/52557665752_4504fd2716_b.jpg
437,https://farm66.staticflickr.com/65535/52558117841_a8454d345b_b.jpg
438,https://farm66.staticflickr.com/65535/52557658007_9063ecbb9a_b.jpg
439,https://farm66.staticflickr.com/65535/52557657367_73ced0b661_b.jpg
440,https://farm66.staticflickr.com/65535/52557655997_a89e997c0b_b.jpg
441,https://farm66.staticflickr.com/65535/52558402899_fb72233fe7_b.jpg
442,https://farm66.staticflickr.com/65535/52558649798_5e7e343794_b.jpg
443,https://farm66.staticflickr.com/65535/52558574655_3fbc7e04ba_b.jpg
444,https://farm66.staticflickr.com/65535/52558627683_3e1040a131_b.jpg
445,https://farm66.staticflickr.com/65535/52557630897_b662f7945e_b.jpg
446,https://farm66.staticflickr.com/65535/52558376124_8a08bbc6b5_b.jpg
447,https://farm66.staticflickr.com/65535/52558372084_4b2360decd_b.jpg
448,https://farm66.staticflickr.com/65535/52558617458_9c5c708621_b.jpg
449,https://farm66.staticflickr.com/65535/52558545570_0053bea355_b.jpg
450,https://farm66.staticflickr.com/65535/52558617048_0c742ea04a_b.jpg
451,https://farm66.staticflickr.com/65535/52558545130_f67fa8388e_b.jpg
452,https://farm66.staticflickr.com/65535/52558368739_e9b127a7fd_b.jpg
453,https://farm66.staticflickr.com/65535/52557620337_8f91605479_b.jpg
454,https://farm66.staticflickr.com/65535/52558544565_08fb354518_b.jpg
455,https://farm66.staticflickr.com/65535/52558074931_508dd60916_b.jpg
456,https://farm66.staticflickr.com/65535/52558074496_8b9f57b0ff_b.jpg
457,https://farm66.staticflickr.com/65535/52557619207_d460aefb26_b.jpg
458,https://farm66.staticflickr.com/65535/52557618892_efa5c28a44_b.jpg
459,https://farm66.staticflickr.com/65535/52558366984_e73981ce9b_b.jpg
460,https://farm66.staticflickr.com/65535/52558614638_7c0c714351_b.jpg
461,https://farm66.staticflickr.com/65535/52558614293_e55187cb88_b.jpg
462,https://farm66.staticflickr.com/65535/52558541625_f33f2041d0_b.jpg
463,https://farm66.staticflickr.com/65535/52557617002_97f69f0d75_b.jpg
464,https://farm66.staticflickr.com/65535/52558364989_1b15b917fb_b.jpg
465,https://farm66.staticflickr.com/65535/52557616617_e388442381_b.jpg
466,https://farm66.staticflickr.com/65535/52557616467_0fc20504ed_b.jpg
467,https://farm66.staticflickr.com/65535/52557616292_e774e4cd32_b.jpg
468,https://farm66.staticflickr.com/65535/52558540470_4b56d66f0d_b.jpg
469,https://farm66.staticflickr.com/65535/52558071121_5eabaf2903_b.jpg
470,https://farm66.staticflickr.com/65535/52558364079_bb5b1b9995_b.jpg
471,https://farm66.staticflickr.com/65535/52558070656_4215e92d91_b.jpg
472,https://farm66.staticflickr.com/65535/52558611558_d46e3dd8e4_b.jpg
473,https://farm66.staticflickr.com/65535/52558611338_b1b9b0f393_b.jpg
474,https://farm66.staticflickr.com/65535/52558609998_8cc8b7ebd5_b.jpg
475,https://farm66.staticflickr.com/65535/52558361869_8dbbd5d520_b.jpg
476,https://farm66.staticflickr.com/65535/52558609498_c0077158f8_b.jpg
477,https://farm66.staticflickr.com/65535/52558609163_80b49d4329_b.jpg
478,https://farm66.staticflickr.com/65535/52558067691_93995ba7df_b.jpg
479,https://farm66.staticflickr.com/65535/52558067451_ba2f2677da_b.jpg
480,https://farm66.staticflickr.com/65535/52558536475_4edcefe15d_b.jpg
481,https://farm66.staticflickr.com/65535/52558066846_be90e99742_b.jpg
482,https://farm66.staticflickr.com/65535/52558536060_69406755e0_b.jpg
483,https://farm66.staticflickr.com/65535/52557611927_1c51070702_b.jpg
484,https://farm66.staticflickr.com/65535/52558359844_0ae017d500_b.jpg
485,https://farm66.staticflickr.com/65535/52557611452_e2068a6773_b.jpg
486,https://farm66.staticflickr.com/65535/52558065791_99d99912f9_b.jpg
487,https://farm66.staticflickr.com/65535/52558065661_1d0f6a349b_b.jpg
488,https://farm66.staticflickr.com/65535/52558534850_391c9059c9_b.jpg
489,https://farm66.staticflickr.com/65535/52558065221_be1af9de67_b.jpg
490,https://farm66.staticflickr.com/65535/52558539040_35aa13c986_b.jpg
491,https://farm66.staticflickr.com/65535/52558522070_c2fd1d5593_b.jpg
492,https://farm66.staticflickr.com/65535/52558588923_0f692e3282_b.jpg
493,https://farm66.staticflickr.com/65535/52557592522_47d752bc30_b.jpg
494,https://farm66.staticflickr.com/65535/52557591752_f13e8f2ff0_b.jpg
495,https://farm66.staticflickr.com/65535/52558336959_f6ceb24b8c_b.jpg
496,https://farm66.staticflickr.com/65535/52557578967_cdb9958950_b.jpg
497,https://farm66.staticflickr.com/65535/52558031661_092b7a697a_b.jpg
498,https://farm66.staticflickr.com/65535/52558562723_1c18935ec4_b.jpg
499,https://farm66.staticflickr.com/65535/52558559118_5ea6393ac7_b.jpg
